{"cameraMode":{"drawMode":0,"name":"Shaded","section":"Shading Mode"},"sceneLighting":true,"audioPlay":false,"sceneViewState":{"showFog":true,"showMaterialUpdate":false,"showSkybox":true,"showFlares":true,"showImageEffects":true,"showParticleSystems":true},"in2DMode":false,"pivot":{"x":-88.9413070678711,"y":38.48398208618164,"z":-33.455657958984378},"rotation":{"x":-0.17336507141590119,"y":0.4748944640159607,"z":-0.0960187241435051,"w":-0.857438325881958},"size":24.866436004638673,"orthographic":false}