{"cameraMode":{"drawMode":0,"name":"Shaded","section":"Shading Mode"},"sceneLighting":true,"audioPlay":false,"sceneViewState":{"showFog":true,"showMaterialUpdate":false,"showSkybox":true,"showFlares":true,"showImageEffects":true,"showParticleSystems":true},"in2DMode":false,"pivot":{"x":-25.689937591552736,"y":25.527074813842775,"z":1.791319727897644},"rotation":{"x":0.29092520475387576,"y":-0.010647298768162728,"z":0.0031829841900616886,"w":0.9567233920097351},"size":23.9287166595459,"orthographic":true}