{"cameraMode":{"drawMode":0,"name":"Shaded","section":"Shading Mode"},"sceneLighting":true,"audioPlay":false,"sceneViewState":{"showFog":true,"showMaterialUpdate":false,"showSkybox":true,"showFlares":true,"showImageEffects":true,"showParticleSystems":true},"in2DMode":false,"pivot":{"x":-24.92368507385254,"y":37.50767135620117,"z":-7.123547077178955},"rotation":{"x":0.1418105810880661,"y":-0.34352925419807436,"z":0.05251851677894592,"w":0.9269269108772278},"size":43.98841857910156,"orthographic":true}