{"cameraMode":{"drawMode":0,"name":"Shaded","section":"Shading Mode"},"sceneLighting":false,"audioPlay":false,"sceneViewState":{"showFog":true,"showMaterialUpdate":false,"showSkybox":false,"showFlares":true,"showImageEffects":true,"showParticleSystems":true},"in2DMode":false,"pivot":{"x":8.225820541381836,"y":1.2435311079025269,"z":-6.5033674240112309},"rotation":{"x":0.07129023969173432,"y":-0.72206711769104,"z":0.07519465684890747,"w":0.6840694546699524},"size":3.9955837726593019,"orthographic":true}