{"cameraMode":{"drawMode":0,"name":"Shaded","section":"Shading Mode"},"sceneLighting":true,"audioPlay":false,"sceneViewState":{"showFog":true,"showMaterialUpdate":false,"showSkybox":true,"showFlares":true,"showImageEffects":true,"showParticleSystems":true},"in2DMode":false,"pivot":{"x":-55.599998474121097,"y":44.71000671386719,"z":-47.400001525878909},"rotation":{"x":-0.3679627478122711,"y":0.5058099627494812,"z":-0.25205957889556887,"w":-0.7383937239646912},"size":17.461761474609376,"orthographic":false}